id_pedido,data_venda,produto,quantidade,valor_unitario,desconto,regiao,vendedor,canal_venda,status
PED-03772,2022-08-10,MONITOR,406,2262.67,0.0,NORDESTE,DIEGO LIMA,ONLINE,CONCLUÍDO
PED-00761,2024-05-23,WEBCAM,261,3316.41,0.4,CENTRO-OESTE,CARLA MENDES,ONLINE,CANCELADO
PED-02306,2022-03-01,HEADSET,237,13548.0,0.0,NORTE,ELENA SOUZA,LOJA FÍSICA,CONCLUÍDO
PED-09216,2023-05-03,TECLADO,204,12033.89,0.382,NORTE,DIEGO LIMA,REVENDEDOR,EM ANÁLISE
PED-09006,2022-04-24,MOUSE,176,8099.42,1.0,NORTE,DIEGO LIMA,LOJA FÍSICA,CONCLUÍDO
PED-01288,2024-12-11,MONITOR,484,7809.96,0.423,CENTRO-OESTE,CARLA MENDES,LOJA FÍSICA,CONCLUÍDO
PED-00314,2022-01-14,HD EXTERNO,187,8532.0,0.411,NORTE,DIEGO LIMA,LOJA FÍSICA,CANCELADO
PED-03163,2022-10-10,IMPRESSORA,999999,275.0,0.0,NORTE,ELENA SOUZA,ONLINE,CANCELADO
PED-04164,2023-06-25,HEADSET,206,13531.14,0.466,CENTRO-OESTE,ANA SILVA,LOJA FÍSICA,PENDENTE
PED-04081,2023-11-24,TABLET,276,1359.41,0.0,SUL,DIEGO LIMA,ONLINE,CANCELADO
PED-01652,2022-01-09,MOUSE,204,6101.68,0.0,CENTRO-OESTE,CARLA MENDES,LOJA FÍSICA,CONCLUÍDO
PED-00586,2024-04-23,MOUSE,419,6809.05,0.382,NORTE,DIEGO LIMA,LOJA FÍSICA,CONCLUÍDO
PED-04626,2022-11-03,SMARTPHONE,217,5133.78,0.337,SUL,ANA SILVA,TELEVENDAS,CANCELADO
PED-03940,2022-02-27,HD EXTERNO,390,7328.95,0.369,SUL,ANA SILVA,REVENDEDOR,PENDENTE
PED-01604,2022-06-24,IMPRESSORA,143,2072.61,0.0,SUDESTE,ELENA SOUZA,LOJA FÍSICA,CONCLUÍDO
PED-02264,2023-07-24,WEBCAM,104,14974.8,0.0,NORTE,ELENA SOUZA,LOJA FÍSICA,CANCELADO
PED-04260,2024-03-04,SMARTPHONE,46,6616.23,0.267,CENTRO-OESTE,CARLA MENDES,REVENDEDOR,PENDENTE
PED-01722,2022-02-07,TABLET,334,13345.99,0.0,NORTE,DIEGO LIMA,ONLINE,PENDENTE
PED-07191,2023-07-01,TABLET,230,9615.0,0.0,SUL,ANA SILVA,ONLINE,PENDENTE
PED-03036,2022-06-21,MOUSE,275,2318.61,0.0,SUDESTE,DIEGO LIMA,REVENDEDOR,CONCLUÍDO
PED-06294,2023-03-09,HD EXTERNO,1,9385.43,0.0,CENTRO-OESTE,BRUNO COSTA,ONLINE,CANCELADO
PED-06489,2024-04-18,IMPRESSORA,11,3512.0,1.0,NORTE,ANA SILVA,TELEVENDAS,PENDENTE
PED-01186,2023-09-23,NOTEBOOK,459,4668.0,0.0,SUDESTE,CARLA MENDES,LOJA FÍSICA,CANCELADO
PED-07143,2023-01-02,IMPRESSORA,201,974.73,0.0,SUL,CARLA MENDES,LOJA FÍSICA,EM ANÁLISE
PED-02060,2024-12-08,MOUSE,177,7925.36,0.133,NORTE,CARLA MENDES,LOJA FÍSICA,CONCLUÍDO
PED-07617,2024-12-12,TECLADO,32,9414.94,0.478,SUL,CARLA MENDES,ONLINE,CONCLUÍDO
PED-07458,2024-07-25,NOTEBOOK,203,14422.5,0.032,NORDESTE,ELENA SOUZA,TELEVENDAS,EM ANÁLISE
PED-08859,2024-06-19,SMARTPHONE,202,2042.01,0.0,NORTE,ELENA SOUZA,REVENDEDOR,CONCLUÍDO
PED-03328,2022-06-15,SMARTPHONE,193,1748.94,0.0,SUL,ELENA SOUZA,REVENDEDOR,PENDENTE
PED-00641,2024-03-11,HEADSET,311,11608.0,0.225,NORTE,CARLA MENDES,ONLINE,PENDENTE
PED-00960,2024-08-05,TABLET,25,7008.0,0.0,NORTE,ANA SILVA,LOJA FÍSICA,PENDENTE
PED-06657,2024-09-01,TECLADO,281,7780.16,0.0,SUDESTE,BRUNO COSTA,TELEVENDAS,CANCELADO
PED-04026,2023-06-01,TABLET,439,10045.87,0.315,NORTE,BRUNO COSTA,ONLINE,CANCELADO
PED-07897,2023-01-11,MOUSE,492,5213.58,1.0,CENTRO-OESTE,BRUNO COSTA,ONLINE,PENDENTE
PED-00362,2023-09-04,IMPRESSORA,194,3830.73,0.0,CENTRO-OESTE,DIEGO LIMA,ONLINE,PENDENTE
PED-07872,2024-04-28,SMARTPHONE,251,5866.4,0.0,SUDESTE,ELENA SOUZA,TELEVENDAS,CANCELADO
PED-09475,2024-04-20,HD EXTERNO,999999,4482.47,0.11,NORTE,ELENA SOUZA,ONLINE,PENDENTE
PED-05445,2022-03-15,NOTEBOOK,179,11373.95,0.34700000000000003,NORTE,DIEGO LIMA,LOJA FÍSICA,CONCLUÍDO
PED-08077,2024-08-24,TECLADO,313,2217.57,0.38,SUL,CARLA MENDES,LOJA FÍSICA,CONCLUÍDO
PED-09473,2022-07-21,HEADSET,447,4306.29,1.0,CENTRO-OESTE,DIEGO LIMA,REVENDEDOR,EM ANÁLISE
PED-07592,2023-05-05,MOUSE,17,3591.44,0.382,NORDESTE,ELENA SOUZA,LOJA FÍSICA,PENDENTE
PED-04038,2022-03-28,HD EXTERNO,9,9947.19,0.495,NORTE,ELENA SOUZA,LOJA FÍSICA,EM ANÁLISE
PED-09962,2023-08-13,MOUSE,291,833.0,1.0,SUL,ELENA SOUZA,LOJA FÍSICA,PENDENTE
PED-05124,2024-05-22,HEADSET,42,4941.64,0.373,SUL,DIEGO LIMA,REVENDEDOR,EM ANÁLISE
PED-08121,2023-06-06,TABLET,304,9540.47,0.0,CENTRO-OESTE,ELENA SOUZA,TELEVENDAS,EM ANÁLISE
PED-01535,2022-01-24,TECLADO,122,12809.84,0.0,NORDESTE,ANA SILVA,LOJA FÍSICA,CANCELADO
PED-03318,2023-03-22,HEADSET,43,8742.3,0.42200000000000004,NORDESTE,ELENA SOUZA,TELEVENDAS,EM ANÁLISE
PED-27666,2023-03-14,NOTEBOOK,292,10906.61,0.222,NORDESTE,BRUNO COSTA,ONLINE,EM ANÁLISE
PED-79035,2024-06-18,SMARTPHONE,173,12844.43,0.429,SUDESTE,BRUNO COSTA,ONLINE,CONCLUÍDO
PED-01891,2024-05-06,SMARTPHONE,497,11812.68,0.0,SUDESTE,CARLA MENDES,ONLINE,CONCLUÍDO
