id_pedido,data_venda,produto,quantidade,valor_unitario,desconto,regiao,vendedor,canal_venda,status,motivo_quarentena
PED-06673,2024-04-20,TECLADO,,,0.0,NORTE,ANA SILVA,ONLINE,EM ANÁLISE,Quantidade ausente ou <= 0 | Valor unitário ausente ou inválido
PED-07262,2023-02-19,HD EXTERNO,,9558.06,0.08,SUL,ELENA SOUZA,LOJA FÍSICA,PENDENTE,Quantidade ausente ou <= 0
PED-03780,2022-11-10,WEBCAM,166,,0.48200000000000004,NORTE,BRUNO COSTA,TELEVENDAS,CONCLUÍDO,Valor unitário ausente ou inválido
PED-01773,2023-02-06,TABLET,,13983.52,0.35200000000000004,NORDESTE,CARLA MENDES,ONLINE,CONCLUÍDO,Quantidade ausente ou <= 0
PED-02781,2022-08-13,IMPRESSORA,,9812.57,0.0,SUL,DIEGO LIMA,LOJA FÍSICA,PENDENTE,Quantidade ausente ou <= 0
PED-02680,,HEADSET,,75.46,0.345,CENTRO-OESTE,ELENA SOUZA,LOJA FÍSICA,EM ANÁLISE,Data ausente ou inválida | Quantidade ausente ou <= 0
PED-03626,2023-03-13,HD EXTERNO,267,,0.0,SUDESTE,CARLA MENDES,LOJA FÍSICA,EM ANÁLISE,Valor unitário ausente ou inválido
PED-04237,,NOTEBOOK,327,8251.55,0.298,NORDESTE,DIEGO LIMA,ONLINE,EM ANÁLISE,Data ausente ou inválida
PED-05925,2024-09-27,MOUSE,,,0.0,NORTE,BRUNO COSTA,REVENDEDOR,CONCLUÍDO,Quantidade ausente ou <= 0 | Valor unitário ausente ou inválido
PED-03094,2022-05-10,HEADSET,,3873.0,1.0,SUDESTE,DIEGO LIMA,ONLINE,CANCELADO,Quantidade ausente ou <= 0
PED-07591,,TABLET,343,604.67,0.171,SUL,ELENA SOUZA,ONLINE,PENDENTE,Data ausente ou inválida
PED-04737,2024-08-17,HD EXTERNO,,3726.85,0.498,CENTRO-OESTE,BRUNO COSTA,TELEVENDAS,CONCLUÍDO,Quantidade ausente ou <= 0
PED-04367,2024-06-01,SMARTPHONE,,8364.1,0.0,CENTRO-OESTE,ELENA SOUZA,LOJA FÍSICA,PENDENTE,Quantidade ausente ou <= 0
PED-95068,2023-01-26,HD EXTERNO,,,1.0,NORDESTE,BRUNO COSTA,TELEVENDAS,EM ANÁLISE,Quantidade ausente ou <= 0 | Valor unitário ausente ou inválido
PED-04179,,HEADSET,146,,0.0,SUDESTE,BRUNO COSTA,ONLINE,CANCELADO,Data ausente ou inválida | Valor unitário ausente ou inválido
PED-08344,,MONITOR,119,1205.16,0.43,CENTRO-OESTE,NAN,LOJA FÍSICA,CONCLUÍDO,Data ausente ou inválida
PED-04624,2023-05-20,TABLET,,,0.45399999999999996,CENTRO-OESTE,ANA SILVA,ONLINE,EM ANÁLISE,Quantidade ausente ou <= 0 | Valor unitário ausente ou inválido
PED-02067,2023-07-21,HEADSET,,2377.06,0.484,SUDESTE,DIEGO LIMA,LOJA FÍSICA,EM ANÁLISE,Quantidade ausente ou <= 0
PED-09100,2022-10-24,NOTEBOOK,158,,0.335,SUL,ELENA SOUZA,TELEVENDAS,CONCLUÍDO,Valor unitário ausente ou inválido
PED-05951,2023-04-09,IMPRESSORA,499,,0.22,SUL,DIEGO LIMA,TELEVENDAS,PENDENTE,Valor unitário ausente ou inválido
PED-01548,2023-08-16,HEADSET,999999,,0.0,SUL,DIEGO LIMA,ONLINE,CANCELADO,Valor unitário ausente ou inválido
PED-07600,2022-03-12,NOTEBOOK,,8616.0,0.004,NORTE,ANA SILVA,TELEVENDAS,EM ANÁLISE,Quantidade ausente ou <= 0
PED-08322,2023-06-18,WEBCAM,,,0.0,CENTRO-OESTE,ANA SILVA,ONLINE,CONCLUÍDO,Quantidade ausente ou <= 0 | Valor unitário ausente ou inválido
PED-96060,2022-10-05,WEBCAM,27,,0.0,SUL,CARLA MENDES,REVENDEDOR,CONCLUÍDO,Valor unitário ausente ou inválido
PED-05944,2024-06-19,SMARTPHONE,,13578.45,0.189,SUL,CARLA MENDES,TELEVENDAS,CONCLUÍDO,Quantidade ausente ou <= 0
PED-02011,,NOTEBOOK,,,0.0,SUL,BRUNO COSTA,ONLINE,CONCLUÍDO,Data ausente ou inválida | Quantidade ausente ou <= 0 | Valor unitário ausente ou inválido
PED-07297,2022-01-05,HD EXTERNO,,,1.0,SUDESTE,DIEGO LIMA,ONLINE,CANCELADO,Quantidade ausente ou <= 0 | Valor unitário ausente ou inválido
PED-08427,2023-04-14,WEBCAM,,,0.0,SUDESTE,ANA SILVA,TELEVENDAS,CANCELADO,Quantidade ausente ou <= 0 | Valor unitário ausente ou inválido
PED-04027,2024-07-06,MOUSE,277,,0.207,SUDESTE,DIEGO LIMA,ONLINE,PENDENTE,Valor unitário ausente ou inválido
PED-02346,2024-05-22,TECLADO,,,0.0,NORTE,DIEGO LIMA,TELEVENDAS,PENDENTE,Quantidade ausente ou <= 0 | Valor unitário ausente ou inválido
PED-00325,2022-07-13,TECLADO,,13499.1,1.0,SUL,CARLA MENDES,TELEVENDAS,CANCELADO,Quantidade ausente ou <= 0
PED-02734,2023-11-09,IMPRESSORA,,6258.43,0.193,CENTRO-OESTE,ELENA SOUZA,TELEVENDAS,CANCELADO,Quantidade ausente ou <= 0
PED-00705,,HD EXTERNO,77,5498.54,1.0,CENTRO-OESTE,ANA SILVA,ONLINE,CONCLUÍDO,Data ausente ou inválida
PED-64441,2023-02-07,NOTEBOOK,,13835.51,0.0,SUDESTE,DIEGO LIMA,ONLINE,EM ANÁLISE,Quantidade ausente ou <= 0
PED-07876,,TECLADO,167,9050.25,0.421,SUL,CARLA MENDES,ONLINE,EM ANÁLISE,Data ausente ou inválida
PED-05582,2024-11-04,TECLADO,,,0.39,SUL,BRUNO COSTA,TELEVENDAS,CANCELADO,Quantidade ausente ou <= 0 | Valor unitário ausente ou inválido
PED-05460,,TABLET,,,0.094,SUDESTE,BRUNO COSTA,LOJA FÍSICA,CANCELADO,Data ausente ou inválida | Quantidade ausente ou <= 0 | Valor unitário ausente ou inválido
PED-04166,,MOUSE,,,0.196,SUL,BRUNO COSTA,LOJA FÍSICA,CONCLUÍDO,Data ausente ou inválida | Quantidade ausente ou <= 0 | Valor unitário ausente ou inválido
PED-07797,2023-01-05,WEBCAM,,7701.2,0.0,NORTE,ANA SILVA,ONLINE,CONCLUÍDO,Quantidade ausente ou <= 0
PED-05113,2024-02-17,TECLADO,,2228.76,1.0,NORTE,BRUNO COSTA,TELEVENDAS,PENDENTE,Quantidade ausente ou <= 0
PED-06701,2023-09-18,MOUSE,399,,0.0,NORTE,ANA SILVA,ONLINE,CONCLUÍDO,Valor unitário ausente ou inválido
PED-04532,2023-05-10,MOUSE,442,,1.0,SUL,ELENA SOUZA,LOJA FÍSICA,CONCLUÍDO,Valor unitário ausente ou inválido
PED-09224,,MOUSE,,3396.27,0.0,NORTE,DIEGO LIMA,ONLINE,PENDENTE,Data ausente ou inválida | Quantidade ausente ou <= 0
PED-01242,,TECLADO,,,0.258,CENTRO-OESTE,BRUNO COSTA,LOJA FÍSICA,CONCLUÍDO,Data ausente ou inválida | Quantidade ausente ou <= 0 | Valor unitário ausente ou inválido
PED-05251,,MONITOR,999999,,0.0,SUDESTE,ANA SILVA,ONLINE,PENDENTE,Data ausente ou inválida | Valor unitário ausente ou inválido
PED-06180,2022-06-17,NOTEBOOK,276,,0.079,SUDESTE,CARLA MENDES,REVENDEDOR,PENDENTE,Valor unitário ausente ou inválido
PED-00148,,SMARTPHONE,,3118.45,0.41700000000000004,NORTE,ELENA SOUZA,ONLINE,PENDENTE,Data ausente ou inválida | Quantidade ausente ou <= 0
PED-05452,,TECLADO,411,,0.381,CENTRO-OESTE,BRUNO COSTA,REVENDEDOR,CONCLUÍDO,Data ausente ou inválida | Valor unitário ausente ou inválido
PED-05347,2024-03-07,NOTEBOOK,,,0.0,NORDESTE,ELENA SOUZA,TELEVENDAS,CANCELADO,Quantidade ausente ou <= 0 | Valor unitário ausente ou inválido
PED-05361,2022-12-14,MONITOR,298,,0.5,NORTE,ELENA SOUZA,LOJA FÍSICA,CONCLUÍDO,Valor unitário ausente ou inválido
